商品,分类,现价,想要人数
初音未来缤纷舞台解绑改绑换绑 释放手机绑定新账号，世界计划 朝夕光年换绑解绑腾卡 ✨换绑当前账号，释放被占用的手机 ⚠️换绑后原号无法找回，换绑前请考虑清楚 【标什么游戏就是什么游戏，不要乱拍不通用】 【24小时自动处理，无需人工，标价就是售价，随拍随用】 [比心]先关注再下单有优惠,账号交易/服务,"¥
1",289人
秒上王者荣耀世界帮打红buff拿限定s级称号狂暴模式 标价直拍感兴趣的话点“我想要”和我私聊吧～,代练/代打,"¥
3",147人
羊了个羊大世界捞人（1.5元一个号） 全图可捞噢～ 截图发位置就可以了噢～ 不扫码～方便安全,代练/代打,"¥
1
.50",801人
王者荣耀世界猩红神兽狂暴代打2.88扫码秒上 标价就是卖价,代练/代打,"¥
2
.88",
q直登游戏小号独享高信用分 不可改米，只能手游授权直登，不可登录企鹅不可pc 三角洲行动 和平精英 英雄联盟 王者荣耀老夫子 金铲铲之战 无畏契约 拼夕夕 售后登前冻结，20分钟内冻结等 一切app可以用q授权登录的游戏应用 分类区别： 高分：可以加好友，包世界...,其他,"¥
1",14人
王者荣耀世界ID 帮估价 避免踩坑！！一个链接一个拍下私信就行,ID/昵称交易,"¥
1
.20",2人
王者荣耀世界，3r通关狂暴模式，代肝挑战猩红神兽副本拿头像称 号，5r普通+狂暴绿色纯手打，支持双端,代练/代打,"¥
3",
世界汽车拉力赛5/6/7/8/9/10合集中文WRC赛车荒野 PC单机电脑游戏24小时自动发货，度网盘发货。,代练/脚本,"¥
1",51人
我的世界Minecraft win10/11xbox ios nds安卓realmsplus领域订阅 · 基岩版领域订阅会员  · 需要提供 “Xbox（Microsoft）” 账号密码，拍后联系客服进行开通！ 全平台互通，哪怕你是破解版，只要微软账号登录都可以冲 手机/XBOX/p...,其他,"¥
22",198人
卡厄斯梦境苹果安装包 王者荣耀世界争鸣测试苹果安装包 不排队 有资格就可以登录游玩 三端互通 不用电脑操作 不是资格是苹果安装包,安装包/测试资格,"¥
6",
《2.5折》龙腾传世(官方版) 首充号，折扣号，游戏内充值自 动打折号，超低折扣充值。 点我想要，联系客服 《龙腾传世》复刻经典端游传奇，还原战法道三职业，渡劫飞升！携手装备回收官合击攻城堡，变身传奇世界指挥官，剧情丰富有搞头，技能特效有讲究，装备好打爆率高！,游戏充值,"¥
8",
WRC 10 FIA 世界拉力锦标赛 豪华版Steam cd k国区正版激活码  本店鱼小铺L7 只出售正版cdk   拍后直接发激活码 激活可收到steam激活邮箱  激活码特殊性，一旦发货无法退款，拍下默认接受。  Steam CDKey 激活方法： 第一步:Steam左下角点击：添加游戏>...,CDK/激活码,"¥
18",
羊了个羊代打日常+大世界双关2元 日常单打：1元 大世界捞人：1.5元 打哪个拍哪个，主页都有链接～ 感兴趣的话点“我想要”和我私聊吧～,代练/代打,"¥
1",
穿越异世界 无限金币 无限钻石 无限免广告券 无限道具 ID直充 无限资源直接刷你号上  正版存档数据 可正常更新,ID/昵称交易,"¥
10",
羊了个羊最新科技 日常大世界 代打代过捞你上岸 加密号 安卓 苹果iOS 辅助  常规，大世界，干饭，搬砖，上岸，三合一 全部2元一关 跑图1000步1元  v需要扫码上小程序，其他平台要抓t 不会抓t可以找我拿教程,代练/代打,"¥
2",
影之诗2超凡世界代充 影之诗2超凡世界官网礼包代充 Web限定组合包，内含角色装扮套组 影之诗超凡世界充值  影之诗2充值 Web限定礼包充值 官网礼包充值 游戏内地区需选择香港或者台湾以及其他主流国家 白卡!!!白卡!!!白卡!!!包售后 官网礼包： 490水晶=50 990水晶=10...,游戏充值,"¥
6
.80",82人
WRC7 FIA世界拉力锦标赛steam正版CDKey激活码 WRC 7 FIA World Rally Championship 激活地区：中国大陆（香港以及外区勿下单） 有激活邮件，手机可激活 利润微薄，谢绝砍价  激活方法： 1⃣ 在Steam左侧点击“添加游戏”&ra...,CDK/激活码,"¥
20
.99",71人
暗区突围 代充 诚信代充 不符包退 王者荣耀 英雄联盟 我的 世界 飞吧龙骑士 苹果v区/q区 安卓v区/q区           [红圆]主充暗区突围           【价格】:   点立即购买，有价格选项。          [钉子]充值成功后，发充值成功的截图、游戏里到账截图，买家上号验收，...,游戏充值,"¥
8
.05",427人
七日世界霜降牛肉， 霜降肉质  产霜降牛肉 星尘乳业 产奶 群山子嗣 群山牛皮 梦域基因 梦域牛皮 3一只，5一对，10三对,游戏道具,"¥
1",13人
苍雾世界解绑换绑腾卡刷初始 释放被占用手机 苍雾世界换绑 解 绑 [比心]先关注再下单有粉丝价 【换绑当前账号，释放被占用手机】 快速便捷，释放完可以直接使用 适用于官服刷初始；或者买号时自己手机已绑定，需要释放自己手机 [红圆]重要提示：请确认账号无用再解绑 /换绑，以免造成损失！ 标价就是售价，可...,账号交易/服务,"¥
1",49人
燕云十六声粗毛皮8r/200个 —大宋扒皮师，从事扒皮工作已有两年半之久，精通各种动物扒皮，质量保障——纯手工 ——现出售代扒皮服务 【粗毛皮】 8r=200个 （需进入多人世界，三更天长老8r=100个） ～...,其他,"¥
8",
微观世界晶钻，0.5折包手续费（每到手1000晶钻5元），上 千张白金卡供应出钻，大量现货快速到账，量大可优惠 ，需求量多可定制任意区服和晶钻数量，Q1区、V1、2、3区稳定出钻，淘金和其他代练均可咨询， 感兴趣的朋友欢迎私聊详谈～,其他,"¥
5",
华为渠道 全游戏代充 全档位均可充！   支持游戏： 倩女幽魂、问道手游、剑侠世界、诛仙、 第五人格、蛋仔派对、明日之后、阴阳师、 忍者必须死3、原始传奇、战争与文明、 火影忍者、斗罗大陆、妄想山海、率土之滨、 三国志战略版、梦幻西游、大话西游、逆水寒、完美世...,游戏充值,"¥
4
.50",
王者荣耀世界挑战王者红buff称号猩红神兽拿限量称号王者限定 称号红buff挑战  奖励如下:  通关普通关卡:获得Q版东方曜头像  通关狂暴模式关卡:获得S级称号 “我拿红，谢谢” 分享1次战绩:获得晶珀*20  快速上号，上号后5-15分钟完成，不排队。 套餐1:攻略0.0...,代练/代打,"¥
3",
羊了个羊大世界捞人，捞你上岸～ 安全可靠，不需要扫码 1.5一只羊 拍了发位置截图就可以了，全图可捞 捞起来会通知你,代练/代打,"¥
1
.50",658人
【PJSK大小月卡随心配】常用大小月卡代充代氪pjsk初音未 来(有偿钻周年礼包)世界计划多彩舞台 feat初音未来PJSK日服pjsk代充pjsk代氪充值pjsk大月卡pjsk小月卡pjsk通行证pjsk日服有偿钻限定水晶纪念周年礼包日服游戏代氪大月卡小通行证中通行证大通行证小月卡  服装 大月卡 ...,游戏充值,"¥
20",86人
锻造屋的物语港台服 卡牌与战旗的巅峰。 需要请私聊， 网游极少数不封的游戏。 可联网可竞技世界bos 苹果安卓通用。,游戏服务器/私服,"¥
10",
【自动发货无需等待】疯狂水世界 手游 礼包cdk全套兑换码 道具材料游戏福利激活码,CDK/激活码,"¥
1",
王者荣耀世界资格体验一波打boos包下载安卓苹果Pc公测可领 取称号 感兴趣的话点“我想要”和我私聊吧～,安装包/测试资格,"¥
5",
王者荣耀世界称号代打，标价 要上课，打单时间根据每天课表更新今日（3.31）打单时间:12:30-23:30明日打单时间:17:20-19:0021:30-23:00狂暴模式关卡代打，最快5分钟内，最迟20分钟内需要的话直接下单即可，手上单子打完会私信需要直播可dy直播，纯绿没有脚本科技但是这个是云游戏，开直播会很卡[感动],代练/代打,"¥
3",
国漫女神完美世界云曦柳神纯欲全套美术插画手机电脑壁纸子版素材 75000款动漫人物壁纸，竖屏横屏超清画质，包含完美世界、斗罗大陆、王者荣耀等多个热门动漫系列。每张图片都是精心挑选的精美插画，画面清晰细腻，色彩绚丽。 【内容】：75000款动漫人物壁纸 【格式】：JPG格式 【数量】：75000张 ...,周边/数字素材,"¥
1
.28",147人
洛克王国世界全平台送蛋嗜光嗡嗡，仅一个，可预订 感兴趣的话点“我想要”和我私聊吧～,游戏道具,"¥
10",2人
cocone系列合集 ①Livly Island 宠物岛14200GP  月卡  日服 国际服充值 ②口袋殖民地 日服 代充 16700石头  氪金 充值 cocone 口袋 ③口袋双子 ポケコロツイン 日版 日服 口袋双子氪金代储值円分 —&md...,游戏充值,"¥
1",
王者荣耀世界内测邀请码/激活码 现货库存，拍下自动发货 一人一码，直接激活使用 操作简单，按提示输入即可激活   温馨提示： 码品特殊，发出后不支持退换， 拍前确认好再下单，感谢理解。,CDK/激活码,"¥
1
.88",9人
我的世界代抽4D嘎吱使者158包出 标价就是售价，不出我补 无需自备钻石，付款完秒上号 无任何套路 剩下多余的钻石也不用加钱,游戏充值,"¥
158",12人
王者荣耀世界账号，PC端公测号，昵称“垂纱”，39w+位学员 ，角色已创建，账号信息齐全。适合想体验新游戏的玩家，账号安全，支持公测相关内容。价格可聊，有需要私聊，欢迎联系～,游戏账号出售,"¥
100",
完整版｜《被未婚妻偷走时间后，我杀疯了》傅辰夜 林霜雪时贺州 （这个世界以时间为金钱。 时间花完，就会死亡。我是首富之子）,其他,"¥
1",
王者荣耀世界ios安装包 3.5日，苹果设备可用 一单一次下载，不含测试资格 拍下不退不换 有问题私聊,安装包/测试资格,"¥
5",
俄区游戏代充 话费代充 代充 坦克世界         战舰世界 以及所有俄服游戏 其他游戏详情咨询 代充10元一次 充话费 MTC Beeline Мегофон 或者сбермобай 咸鱼手续费自理 禁止未成年人购买游戏充值,游戏充值,"¥
10",21人
"《王者荣耀：世界》平民速通养成全攻略（1.0正式版） 赢在起跑线，平民速成，英雄装备养成，体力规划，每日每周活动解析，PVP,PVE玩法持续更新，盗用必究，拍5份获得永久更新",游戏攻略/教程,"¥
6
.60",2人
全自动挂机脚本24小时跑图 全自动挂机脚本24小时不断自动跑图和平精英英雄传奇绿洲虚拟道具 游戏内秒发要的私聊 价格可聊,游戏道具,"¥
20",
王者荣耀世界双字ID 开服秒改有意私 感兴趣的话点“我想要”和我私聊吧～,ID/昵称交易,"¥
1",
王者荣耀世界代打红buff拿限定称号 拍下扫码秒上,代练/代打,"¥
1
.48",
"【内置0.1折买断版】点击冒险之旅——今日首发,火爆开启 买啥都是几分钱！ ★进游即送海量道具材料 ★进游兑换码：SVIP6666 ★首充30=3w代金卷 本游戏是一款玩法简单的放置类RPG游戏，基于西游记构建了一个虚拟世界，玩家可以扮演不同的取经人，获得耳熟能详的神兵法宝，学习各种神通法术，结...",CDK/激活码,"¥
1",
赛季双战令宠物标价即卖价，疾光千兽+绒仙子，拍下直接传送申请 访问，发游戏名字（别发id），id：168084413。高强度在线，随拍随抓，抓到后自觉离队，不包品质，不包天谢谢理解。虚拟服务，喜欢直接拍。无限招打手做的私聊,游戏道具,"¥
1
.50",
托卡生活世界 全解锁中文完整版 多系统通用全人物 家具 全地 图解锁   托卡生活世界中文完整版来啦！ios苹果（iphone/ipad）、安卓、鸿蒙系统全都支持，App Store和安卓端均可正版下载使用。   核心亮点：   - 已解锁全部地图、人物、家具及装饰，轻松打造专属美丽家园！   购买须...,其他,"¥
3
.50",
我的花园世界花市卖花稀有花出售所有花1元1组渠道服qd开头的 （所有花都有）  [火]所有花都有绝版花也有，全部1元1组 （图二的3种花50元一朵，其他全都是1元1一组）  所有花1元一组，一组25朵，所有花都有  每种10组起卖  [火]特惠：同种类买9组送1组，买18组送2组，买40组送4组，以此...,其他,"¥
1",
王者荣耀世界帮打狂暴模式红buff限定s级称号 纯手打，扫码上号，不用排队标价直拍，需要的和我私聊哦～,代练/代打,"¥
1",9人
【代刷粉钻】新世界 新世纪 旧世界 狂欢 旧世界5粉钻  代 刷 邀请码  5粉钻 13r   5粉钻+750蓝钻 15r，蓝钻不单刷  无法购买虚拟物品的宝宝可以拍主页实物链接。  ‼️每个月上限一次，多刷也不多得，每个月1号北京时间5点凌晨重置次数。  【可直拍】拍下发邀请码，看到会马上刷。一般2...,其他,"¥
13",124人
世界计划多彩舞台+feat初音未来pjsk日服10500钻石 有偿10500钻代充值礼包储值氪金 日服原价10000档位（10500钻石）:280,游戏充值,"¥
280",
国漫女神完美世界云曦柳神纯欲全套美术插画手机电脑壁纸子版素材 75000款动漫人物壁纸，竖屏横屏超清画质，包含完美世界、斗罗大陆、王者荣耀等多个热门动漫系列。每张图片都是精心挑选的精美插画，画面清晰细腻，色彩绚丽。 【内容】：75000款动漫人物壁纸 【格式】：JPG格式 【数量】：75000张 ...,周边/数字素材,"¥
1",60人
世界征服者4 帝邵 1.25新精英 新集团军最新移植，免肝哈 哈哈，有最新的精英部队，和集团军地图，过教程前3关解锁全关卡战役，局外战争通行证局内建设高射机枪无限资源，新手通行证直接领取收藏勋带勋章资源。兵种科技无敌，精英部队碎片无线制造，无限制上阵，添加一个科技技能无敌9999buff，可以一回合升...,游戏攻略/教程,"¥
7
.98",
剑侠世界4无限测试资格，安卓/iOS/PC都能用，。 测试时间：3月26开始，具体结束时间待定。  虚拟物品，售出不退不换。  有需要直接拍，细节私聊～,安装包/测试资格,"¥
6
.88",
【4月】异世界实干记 Megaha:Re超全cg鉴赏！近77 位角色，全cg录屏端好送上了！后续新角色持续更新哦【2026.04更新至77个角色】【主线】【手机分包解压版】106GB【电脑一键解压版】106GB虚拟商品复制性强，除货不对板不退不换！！！特此免责声明：以上内容仅表达本店有这些资源，非卖品！！！但可作为赠品分享！！！拍此链接实际发货为动漫资源，懂的老板直接拍，看到会一并发送，24小时保证发货，人工发货老板切勿着急,其他,"¥
10",1人
我的花园世界花市卖花稀有花出售所有花1元1组抖服（所有花都有 ）  [火]所有花都有绝版花也有，全部1元1组 （图二绝版花超稀有花2元一组，其他全都是1元1组）  所有花1元一组，一组25朵，所有花都有  [火][火][火]特惠：同种花买9组送1组，买18组送2组，买40组送4组，以此类推  [火]再...,其他,"¥
1",
【pc/中文】东方铁红 于不可思议的异变，幻想乡变成了某知名RPG般的奇幻世界。 为解救被卷入异变的蕾米莉亚而踏上旅途的，并非勇者，而是一介普通人。  想玩直接拍！！秒发货！！！ 本店还有亿款精品游戏/欢迎随时咨询/支持代找 主页游戏买二送一，可自选,其他,"¥
3",
七日世界战令赠送 支持 移动端 网易发烧端 steam 端的全服玩家 战令高级版 战令豪华版 战令高级升豪华  需要添加好友满七天后才能赠送,CDK/激活码,"¥
57",
龙信体育世界 三楼游戏币出售 38元200个 160元1000个  龙信广场币   此贴长期有效,其他,"¥
160",
秒上王者荣耀世界帮打红buff拿限定s级称号狂暴模式 标价直拍感兴趣的话点“我想要”和我私聊吧～,代练/代打,"¥
3",
洛克王国世界WeGame注册瓜分Q币好礼活动邀请10人拍1件 =邀请10名玩家（活动到期时间：4月30号） ------------------ 下单前请确认自己是否邀请过，因为本活动限制最多邀请10人，如果您自己邀请过，请勿购买 下单前请确认自己是否邀请过，因为本活动限制最多邀请10人，如果您自己邀...,其他,"¥
2
.20",
雪影娃娃预定 包球 2天内出 来我世界抓 感兴趣的话点“我想要”和我私聊吧～,其他,"¥
246",
王者荣耀世界三字id 为何爱 价格可聊标价仅供参考,其他,"¥
100",
王者荣耀世界id 便宜女用，三无小q号，直接换绑,账号交易/服务,"¥
50",
"中国队全套补丁。看完亚洲杯的你是否也想在NBA2K25的世界 里体验一把中国国家队，这里就可以满足你的需求。包含中国国家队25人全套高清大头全身照，经过店家精修。国家队普通球馆，国家队光追球馆，国家队logo, 国家队球衣，以及国家队25人面补。   具体25人大名单如下:赵睿，胡明轩，阿布都沙拉木，...",其他,"¥
18",52人
全新正版《直奔金牌》，世界知识出版社，内容完整无缺页。包邮， 喜欢的来聊。,其他,"¥
32",
csgo完美会员 改名卡【直充】 不是活动 不是教程 直接到账有过恶意行为 被平台拉黑的也可以 完美世界电竞平台会员 不顶号 安全便捷！提供完美绑定的手机号就行！,游戏攻略/教程,"¥
15",
环世界1.5全DLC+626MOD+最全RJW mod 全DLC自己一直用的给大家分享一下有RJW也就是18mod然后有自己选的差不多600多个mod里面挑了300多 有人就问了现在都更新到1.6了谁还玩1.5，不是1.6才更新多久有多少mod更新到1.6了，而且rjw还没1.6好像也有但是基...,其他,"¥
8",
[火]君成录「甄嬛传+金枝欲孽」加强版宫斗 《君成录》这套宫斗代码直接把后宫玩成「甄嬛传+金枝欲孽」加强版   谁原版宫斗总觉得不够带感？要么手段太温和，要么触发只要流产？… 这套「妃子宫斗加强版代码」，直接打开新世界的大门！   [闪亮]狠活全解锁，宫斗无上限： 以...,其他,"¥
19
.90",123人
任何游戏代打或跟打1小时(七日世界、英雄联盟、王者荣耀、部落 冲突、DNF、红警等，新游戏也可以试试，经验丰富) (最近主要玩的是2年七日世界，以前玩过7年的英雄联盟铂金四，玩过半个月王者荣耀上了最强王者，玩了8年的部落冲突，玩了四年地下城与勇士，玩了两年红色警戒) 刷本、挖矿、建家、种植、收菜、开荒...,代练/代打,"¥
20",1人
抢的王者荣耀世界的极品 ID ，有没有想要的 感兴趣的话点“我想要”和我私聊吧～,ID/昵称交易,"¥
100",
王者世界id权禄，看上滴我赠送不收费 王者荣耀王者世界,其他,"¥
1",
网易我的世界代充｜钻石 安全快捷｜秒到账｜价格实惠 支持安卓/苹果/官服，私聊报区服，秒安排 标价就是售价   网易我的世界 正规代充  上号 不封号风险更低  秒下单秒处理 全程可查 稳定到账 学生党友好 量大更优惠 长期可合作  直接发，即刻安排  【网易我...,游戏充值,"¥
65",
世界计划代充 台服官网代充 看不下去某高价代充，遂上链接 无需上号提供id给我就行了 七彩通行证BASIC  31r 七彩通行证进阶  150r 高阶任务通行证  100r 高阶任务进阶通行证  410r 110付费水＋50免费水6.3r 950付费水...,游戏充值,"¥
6
.30",29人
枫之谷世界maplestory worlds 冒险岛世界 代 充值 国际服 金币 Wc  400枫世界金币($1.99) ¥16 800枫世界金币($3.99) ￥28 1600枫世界金币($7.99) ¥54 3600枫世界金币($17.99) ￥114 6400枫世界金币($30....,游戏充值,"¥
16",
娱乐陪20/小时 可以陪你打王者，第五人格，铲铲，三角洲，光遇，蛋仔，我的世界等游戏，不是很厉害请见谅，可以当树洞陪你聊天，但是煮波有点i人不介意的来，20/小时，有需要私信,游戏道具,"¥
20",
黎明杀机暗金代充代购浪漫世界暗金细胞代充steam/xbox /epic！！！ 官方认证放心充店铺 可以充到steam、epic、xbox上  全程代充 只需提供帐密即可   正规白卡  提供凭证  帮您免费绑定同步（绑的都是你自己数据 安全放心 无风险）       4025暗金=107元6000暗金=125元12500暗金=238元虚拟物品充值成功概不退款,CDK/激活码,"¥
29
.90",709人
部落冲突coc国际服充值代充场景返场和英雄皮肤 【返场场景46元一个，包括最新场景】 场景：部落工坊、海上基地、冰天雪地、新春集市、狂野丛林、烈焰之城、9周岁生日、南瓜墓园、凛冬雪夜、虎啸长城、原始秘地、10周岁生日、暗夜绝境、皇家竞技场、终极盛典、史诗魔法世界、惊魂场景、魔法剧院、...,游戏充值,"¥
30",
王者荣耀世界极品id 家里蹲 适合宅男宅女哦，标价出，不宰人,其他,"¥
88",
世界征服者4 1.25 现代兵模大地图文明序章移植，全新精英 部队，现代兵模，地图黑蝎部队兵模登场，氪金等将领分身，技能全部可学，将槽255+，可进修，技能可替换，精英碎片无限，局内无限上阵，集团军活动地图常驻最新三个无限时间，里面有惊喜曦华，科技bt无敌，新手通行证和征服挑战通行证可直接领取勋章勋带...,游戏充值,"¥
9
.98",
温喻白，乔乔宝，彤彤宝，荨宝，杜宝，漂亮炮灰，kdj，王者荣 耀世界id，自带价，合适就出,其他,"¥
13
.14",
红仙！游戏全cg鉴赏！cg录屏端好呈上！下载解压轻松食用！n 社新游戏！超稀缺独家资源，自氪自录的一手资源！后续角色资源持续更新！重要说明：• 电子资料复杂强，除货不对板，一经售出不退不换，介意勿拍• 看好直接拍，拍下24小时内保证发货• 本商品价格仅为寻找资源的人工成本费和店铺运营维护费用，侵权可删• 买家拿到资源后一切用途与本店无关 产品说明：- 本产品为游戏角色视频CG  更多优质游戏cg可联系我重要说明：• 电子资料复杂强，除货不对板，一经售出不退不换，介意勿拍• 看好直接拍，拍下24小时内保证发货• 本商品价格仅为寻找资源的人工成本费和店铺运营维护费用，侵权可删• 买家拿到资源后一切用途与本店无关，后果自负借词：原神，崩铁，星穹铁道，战双帕弥什，星陨计划，星陨计划科技，星陨计划cg，QQ飞车，穿越火线，碧蓝航线，使命召唤mobile ，英雄联盟，王者荣耀，明日方舟，尘白禁区，Project qt 萌娘 星陨计划 星 樱の物语 天下bom 贤者同盟 Gear姬甲 极乐夜王 封魔录 火焰纹章：英雄 七骑士世纪 sao if 刀剑神域 永恒冒险 萌幻飞球 梦幻之光 合成少女 加密胶囊Z 魔法少女魔法破坏者 魔法卷轴商人 阿瓦尔人 永恒国度战峰 为美好的世界献上祝福,其他,"¥
8
.66",
(pose卡不是道具，要道具才能合成卡 直买卡用不了 ，什么 颜色都可以用！！！！) 4399touch炫舞一区出魅影沉浮/慕斯暖爱/恶灵摩托/旋转世界/骏马/繁花似锦/羌绮/丛林精灵/大型木马/美食飞盘/空中王座/北冥之神/猪猪/轻舒气球/软榻/糖果爱恋/月牙湾/暴走鸵鸟/萌喵/云狐/猫咪座/滑板卡...,游戏道具,"¥
1",85人
黎明杀机暗金充值 浪漫世界代购 杀机细胞代充 可以无限续充！月销上千 支持平台steam/epic/ps，便捷安全！ 正版跨区代充  所有账号均是你自己的 非黑卡充值 礼品卡充值～可续充～ 大店铺售后有保障 正规白卡，可提供购买凭证。 安全有保障，高效快速。 不限区，非改档非改区，直...,CDK/激活码,"¥
50",
K56白橙掌机，原价800多，成色如图，带收纳盒无箱说，6+ 128G配置，安卓14系统，已经装好天马前端，到手就可以玩，可以流畅运行psp游戏，ps2除了战神其他都能玩，还可以联网玩和平精英，王者荣耀等网游，单机我的世界也可以，按键映射就可以玩,其他,"¥
570",
【自动发货】人物卡：火灵儿_完美世界 会的直接拍，不会先咨询  实拍如图，所见即所得  【百度网盘24小时发货】  ⭐全店所有人物卡买2送1，多买多送！⭐  该模型仅用于个人收藏或建模学习，请勿作他用，禁止未成年人购买。  商品具有复制性，一经售出概不退款，拍前请仔细查看，...,代练/脚本,"¥
1
.12",23人
王者荣耀世界id：无人爱 q区，无空白符号,其他,"¥
350",
世界征服者三最新版破解版mod ①全部氪金将，全部勋章都可直接购买！！[火][火][火] ②王牌潜艇，王牌装甲，机动火炮王牌狙击手，突出重围等氪金将技能都可学[hot][hot] ③强化部分将领，新增大量将领的将领，如丘吉尔，[红旗][红旗][红旗] ④部分技能强化，平...,其他,"¥
4",
秒发货粘粘世界1  v1.2（Steam移植完整版）安卓游戏 包更新 网盘发货,CDK/激活码,"¥
1",12人
（0.05折上折！）神龙战争 登录送千抽，0.05折 龙珠世界，绵废畅享热血战斗  1、游戏内永久0.05折充值，648元秒变3.24元，全民皆可当大佬~！ 2、绵废版：每天游戏内置送2000超赛劵 3、开局即送神超级赛亚人之超蓝孙悟空 4、创角赠送VIP10、钻石*...,游戏充值,"¥
1",
FIFA足球世界/FC足球世界 安卓iOS区都有 最新FC比赛服，全新ty149，148球员。需要卸载正式服介意者勿扰（虚拟物品一经卖出不予退款）,其他,"¥
2
.33",
王者荣耀世界id，芭比娃娃，带q出 感兴趣的话点“我想要”和我私聊吧～,其他,"¥
6
.66",
王者荣耀大世界帮打红buff拿限定s级称号只需5r 限定红称号,代练/代打,"¥
5",3人
洛克王国世界全收集全图鉴宠物精灵，世一服一图鉴玩家，来给你做 全收集，承诺保底330图鉴，其他家店铺让新手给你打都是打一半就说做不了说全图鉴但是无保底承诺，然后给你剩下的大量稀有图鉴进行退款你还要自己打一个月，别被低价忽悠！你最后后悔还要重新找我，不信你问他们要图鉴证明和保底承诺，看他们能接吗，最实惠价全网接单，带上你的图鉴给你报价，可能需要排队感兴趣的话点“我想要”和我私聊吧～,游戏道具,"¥
9
.90",21人
王者荣耀世界ID“性感小辣椒”Q区 “沈知澜”V区男，“小软想睡觉”Q区女,ID/昵称交易,"¥
66",
我的世界整洁HUD包happyhud 整洁HUD包要求  - HappyHud插件（付费） - Itemsadder插件（付费） - PlaceholderAPI插件（免费） - Vault（免费）  涉及词条: -Mc minecraft 我的世界 -...,其他,"¥
1
.88",
世界计划pjsk台服代充 港澳台服最低价✨全天都在，睡觉会自 动回复说明一早起就充上 充值流程： ✨拍下宝贝，发送您的游戏uid就ok了哦 ✅mycard游戏点卡支付全过程截图记录 ✅如需可提供当前每笔回执单号,游戏充值,"¥
29
.20",
暖安迷你世界科技辅助电脑端pc端，标价永久 感兴趣的话点“我想要”和我私聊吧～ 此辅助安装包不需要卡密,安装包/测试资格,"¥
6
.66",
单字id（鞍·集·炬 ） 王者荣耀世界竞拍成功3选1,其他,"¥
88",
王者荣耀世界双字ID 全平台通用开服秒改 感兴趣的话点“我想要”和我私聊吧～,ID/昵称交易,"¥
1",
出两个ID王者荣耀世界 感兴趣的话点“我想要”和我私聊吧～,ID/昵称交易,"¥
50",
fcmobile低价绿，1.5w-2w，7.5k-1w 感兴趣的话点“我想要”和我私聊吧～FIFA24 FC24 Mobile足球手游15000绿点代充 国际服充值 安卓/iOS都可以  7.5K/10K绿点=220元（50刀） 15K/20K绿点=390元（100刀）,游戏充值,"¥
390",360人
