序号,标题,分类
1,https://gw.alicdn.com/imgextra/i1/O1CN017BILHl1VNA...,账号服务
2,https://gw.alicdn.com/imgextra/i1/O1CN017BILHl1VNA...,代练服务
3,,代练服务
4,,代练服务
5,https://gw.alicdn.com/imgextra/i1/O1CN017BILHl1VNA...,账号交易
6,https://gw.alicdn.com/imgextra/i1/O1CN017BILHl1VNA...,其他
7,https://gw.alicdn.com/imgextra/i1/O1CN017BILHl1VNA...,代练服务
8,https://gw.alicdn.com/imgextra/i1/O1CN017BILHl1VNA...,科技脚本
9,https://gw.alicdn.com/imgextra/i1/O1CN017BILHl1VNA...,账号交易
10,https://gw.alicdn.com/imgextra/i1/O1CN017BILHl1VNA...,游戏资源
11,https://gw.alicdn.com/imgextra/i1/O1CN017BILHl1VNA...,充值服务
12,https://gw.alicdn.com/imgextra/i1/O1CN017BILHl1VNA...,游戏资源
13,https://gw.alicdn.com/imgextra/i1/O1CN017BILHl1VNA...,代练服务
14,https://gw.alicdn.com/imgextra/i1/O1CN017BILHl1VNA...,其他
15,,代练服务
16,,游戏资源
17,,游戏资源
18,https://gw.alicdn.com/imgextra/i1/O1CN017BILHl1VNA...,充值服务
19,https://gw.alicdn.com/imgextra/i1/O1CN017BILHl1VNA...,其他游戏
20,https://gw.alicdn.com/imgextra/i1/O1CN017BILHl1VNA...,账号服务
21,https://gw.alicdn.com/imgextra/i1/O1CN017BILHl1VNA...,其他游戏
22,https://gw.alicdn.com/imgextra/i1/O1CN017BILHl1VNA...,充值服务
23,https://gw.alicdn.com/imgextra/i1/O1CN017BILHl1VNA...,充值服务
24,https://gw.alicdn.com/imgextra/i1/O1CN017BILHl1VNA...,代练服务
25,,代练服务
26,,游戏资源
27,https://gw.alicdn.com/imgextra/i1/O1CN017BILHl1VNA...,其他游戏
28,https://gw.alicdn.com/imgextra/i1/O1CN017BILHl1VNA...,游戏资源
29,https://gw.alicdn.com/imgextra/i1/O1CN017BILHl1VNA...,代练服务
30,,代练服务
31,https://gw.alicdn.com/imgextra/i1/O1CN017BILHl1VNA...,游戏素材
32,,其他游戏
33,,充值服务
34,https://gw.alicdn.com/imgextra/i1/O1CN017BILHl1VNA...,游戏资源
35,https://gw.alicdn.com/imgextra/i1/O1CN017BILHl1VNA...,其他游戏
36,,账号交易
37,https://gw.alicdn.com/imgextra/i1/O1CN017BILHl1VNA...,小说文学
38,https://gw.alicdn.com/imgextra/i1/O1CN017BILHl1VNA...,游戏资源
39,https://gw.alicdn.com/imgextra/i1/O1CN017BILHl1VNA...,充值服务
40,,攻略教程
41,https://gw.alicdn.com/imgextra/i1/O1CN017BILHl1VNA...,科技脚本
42,https://gw.alicdn.com/imgextra/i1/O1CN017BILHl1VNA...,其他
43,https://gw.alicdn.com/imgextra/i1/O1CN017BILHl1VNA...,代练服务
44,,游戏资源
45,,其他
46,https://gw.alicdn.com/imgextra/i1/O1CN017BILHl1VNA...,小说文学
47,https://gw.alicdn.com/imgextra/i1/O1CN017BILHl1VNA...,其他
48,,代练服务
49,https://gw.alicdn.com/imgextra/i1/O1CN017BILHl1VNA...,游戏资源
50,,游戏资源
51,https://gw.alicdn.com/imgextra/i1/O1CN017BILHl1VNA...,游戏素材
52,https://gw.alicdn.com/imgextra/i1/O1CN017BILHl1VNA...,充值服务
53,https://gw.alicdn.com/imgextra/i1/O1CN017BILHl1VNA...,游戏资源
54,https://gw.alicdn.com/imgextra/i1/O1CN017BILHl1VNA...,其他
55,https://gw.alicdn.com/imgextra/i1/O1CN017BILHl1VNA...,其他
56,https://gw.alicdn.com/imgextra/i1/O1CN017BILHl1VNA...,其他
57,https://gw.alicdn.com/imgextra/i1/O1CN017BILHl1VNA...,其他游戏
58,https://gw.alicdn.com/imgextra/i1/O1CN017BILHl1VNA...,其他
59,https://gw.alicdn.com/imgextra/i1/O1CN017BILHl1VNA...,代练服务
60,https://gw.alicdn.com/imgextra/i1/O1CN017BILHl1VNA...,其他游戏
61,https://gw.alicdn.com/imgextra/i1/O1CN017BILHl1VNA...,其他
62,https://gw.alicdn.com/imgextra/i1/O1CN017BILHl1VNA...,其他
63,https://gw.alicdn.com/imgextra/i1/O1CN017BILHl1VNA...,账号服务
64,,其他
65,https://gw.alicdn.com/imgextra/i1/O1CN017BILHl1VNA...,其他
66,https://gw.alicdn.com/imgextra/i1/O1CN017BILHl1VNA...,攻略教程
67,,其他
68,https://gw.alicdn.com/imgextra/i1/O1CN017BILHl1VNA...,其他
69,,代练服务
70,https://gw.alicdn.com/imgextra/i1/O1CN017BILHl1VNA...,其他
71,https://gw.alicdn.com/imgextra/i1/O1CN017BILHl1VNA...,其他
72,,充值服务
73,,充值服务
74,https://gw.alicdn.com/imgextra/i1/O1CN017BILHl1VNA...,充值服务
75,,其他游戏
76,https://gw.alicdn.com/imgextra/i1/O1CN017BILHl1VNA...,充值服务
77,https://gw.alicdn.com/imgextra/i1/O1CN017BILHl1VNA...,充值服务
78,https://gw.alicdn.com/imgextra/i1/O1CN017BILHl1VNA...,其他
79,https://gw.alicdn.com/imgextra/i1/O1CN017BILHl1VNA...,代练服务
80,https://gw.alicdn.com/imgextra/i1/O1CN017BILHl1VNA...,其他
81,,科技脚本
82,https://gw.alicdn.com/imgextra/i1/O1CN017BILHl1VNA...,其他
83,,充值服务
84,https://gw.alicdn.com/imgextra/i1/O1CN017BILHl1VNA...,其他游戏
85,,科技脚本
86,,其他
87,https://gw.alicdn.com/imgextra/i1/O1CN017BILHl1VNA...,其他
88,https://gw.alicdn.com/imgextra/i1/O1CN017BILHl1VNA...,小说文学
89,,充值服务
90,https://gw.alicdn.com/imgextra/i1/O1CN017BILHl1VNA...,其他
91,https://gw.alicdn.com/imgextra/i1/O1CN017BILHl1VNA...,其他
92,https://gw.alicdn.com/imgextra/i1/O1CN017BILHl1VNA...,代练服务
93,https://gw.alicdn.com/imgextra/i1/O1CN017BILHl1VNA...,其他游戏
94,https://gw.alicdn.com/imgextra/i1/O1CN017BILHl1VNA...,其他
95,https://gw.alicdn.com/imgextra/i1/O1CN017BILHl1VNA...,其他游戏
96,https://gw.alicdn.com/imgextra/i1/O1CN017BILHl1VNA...,充值服务
97,https://gw.alicdn.com/imgextra/i1/O1CN017BILHl1VNA...,游戏资源
98,https://gw.alicdn.com/imgextra/i1/O1CN017BILHl1VNA...,其他
99,https://gw.alicdn.com/imgextra/i1/O1CN017BILHl1VNA...,其他
100,https://gw.alicdn.com/imgextra/i1/O1CN017BILHl1VNA...,其他
101,,充值服务
